,loss,acc,auc,precision,recall,f1_score
seed985,0.6448128819465637,0.7441860465116279,0.6520408163265307,0.75,0.4897959183673469,0.5925925925925926
