,loss,acc,auc,precision,recall,f1_score
seed985,0.6381571888923645,0.7364341085271318,0.6727040816326532,0.7777777777777778,0.42857142857142855,0.5526315789473685
