,loss,acc,auc,precision,recall,f1_score
seed985,0.66579669713974,0.6201550387596899,0.5543367346938776,0.0,0.0,0.0
