,loss,acc,auc,precision,recall,f1_score
seed985,0.88206946849823,0.751937984496124,0.7538265306122449,0.7575757575757576,0.5102040816326531,0.6097560975609756
