,loss,acc,auc,precision,recall,f1_score
seed985,0.6036363244056702,0.7131782945736435,0.6576530612244897,0.8333333333333334,0.30612244897959184,0.44776119402985076
