,loss,acc,auc,precision,recall,f1_score
seed985,0.6665165424346924,0.6201550387596899,0.5864795918367346,0.0,0.0,0.0
