,loss,acc,auc,precision,recall,f1_score
seed985,0.6660575866699219,0.6201550387596899,0.5566326530612246,0.0,0.0,0.0
