,loss,acc,auc,precision,recall,f1_score
seed985,0.616978108882904,0.689922480620155,0.6637755102040815,0.6451612903225806,0.40816326530612246,0.5
