,loss,acc,auc,precision,recall,f1_score
seed985,1.0202488899230957,0.7441860465116279,0.7392857142857142,0.7,0.5714285714285714,0.6292134831460674
