,loss,acc,auc,precision,recall,f1_score
seed985,0.664775013923645,0.6201550387596899,0.5528061224489795,0.0,0.0,0.0
