epoch,final_epoch,final_loss
1,1,5.541263461112976
2,2,5.541261523962021
3,3,5.541261196136475
4,3,5.541261196136475
5,3,5.541261196136475
6,3,5.541261196136475
7,3,5.541261196136475
8,3,5.541261196136475
9,3,5.541261196136475
10,3,5.541261196136475
11,3,5.541261196136475
12,3,5.541261196136475
