,loss,acc,auc,precision,recall,f1_score
seed985,0.6657968759536743,0.6201550387596899,0.5577806122448979,0.0,0.0,0.0
