,loss,acc,auc,precision,recall,f1_score
seed985,0.5915783047676086,0.7286821705426356,0.6512755102040815,0.85,0.3469387755102041,0.4927536231884058
