,loss,acc,auc,precision,recall,f1_score
seed985,0.5825110673904419,0.7286821705426356,0.6474489795918367,0.85,0.3469387755102041,0.4927536231884058
