,loss,acc,auc,precision,recall,f1_score
seed985,0.6337600946426392,0.6976744186046512,0.633673469387755,0.6785714285714286,0.3877551020408163,0.4935064935064935
