,loss,acc,auc,precision,recall,f1_score
seed985,0.6819242835044861,0.6744186046511628,0.6579081632653061,0.6,0.42857142857142855,0.5
