epoch,final_epoch,final_loss
1,1,4.647040516138077
2,1,4.647040516138077
3,3,4.646506041288376
4,3,4.646506041288376
5,3,4.646506041288376
6,3,4.646506041288376
7,3,4.646506041288376
8,3,4.646506041288376
9,9,4.646152466535568
10,9,4.646152466535568
11,9,4.646152466535568
12,9,4.646152466535568
13,9,4.646152466535568
14,9,4.646152466535568
15,9,4.646152466535568
16,9,4.646152466535568
17,9,4.646152466535568
18,9,4.646152466535568
