epoch,final_epoch,final_loss
1,1,4.7080002427101135
2,1,4.7080002427101135
3,1,4.7080002427101135
4,4,4.70768803358078
5,4,4.70768803358078
6,4,4.70768803358078
7,4,4.70768803358078
8,4,4.70768803358078
9,4,4.70768803358078
10,10,4.707423120737076
11,10,4.707423120737076
12,10,4.707423120737076
13,10,4.707423120737076
14,10,4.707423120737076
15,10,4.707423120737076
16,10,4.707423120737076
17,10,4.707423120737076
18,10,4.707423120737076
19,10,4.707423120737076
