,loss,acc,auc,precision,recall,f1_score
seed985,0.6665005087852478,0.6201550387596899,0.5956632653061225,0.0,0.0,0.0
