,loss,acc,auc,precision,recall,f1_score
seed985,0.922231137752533,0.7596899224806202,0.7415816326530612,0.725,0.5918367346938775,0.651685393258427
