epoch,final_epoch,final_loss
1,1,5.541261196136475
2,1,5.541261196136475
3,1,5.541261196136475
4,1,5.541261196136475
5,1,5.541261196136475
6,1,5.541261196136475
7,1,5.541261196136475
8,1,5.541261196136475
9,1,5.541261196136475
10,1,5.541261196136475
